Workbook

Sheet Main Data set
A1: CustomerID | B1: Income | C1: MntTotal | D1: PCT | E1: Kidhome | F1: Teenhome | G1: Recency | H1: MntWines | I1: MntFruits | J1: MntMeatProducts | K1: MntFishProducts | L1: MntSweetProducts | M1: MntGoldProds | N1: NumDealsPurchases | O1: NumWebPurchases | P1: NumCatalogPurchases | Q1: NumStorePurchases | R1: NumWebVisitsMonth | S1: AcceptedCmp1 | T1: AcceptedCmp2 | U1: AcceptedCmp3 | V1: AcceptedCmp4 | W1: AcceptedCmp5 | X1: Complain | Y1: AcceptedCmp6 | Z1: Age | AA1: Age Group | AB1: Customer_Days | AC1: marital_Divorced | AD1: marital_Married | AE1: marital_Single | AF1: marital_Together | AG1: marital_Widow | AH1: education_2n Cycle | AI1: education_Graduation | AJ1: education_Master | AK1: education_PhD | AL1: MntRegularProds | AM1: DateJoined | AN1: ID
A2: 1 | B2: 87679 | C2: 2491 | D2: =C2/B2 -> 0.028410452 | E2: 0 | F2: 0 | G2: 62 | H2: 1259 | I2: 172 | J2: 815 | K2: 97 | L2: 148 | M2: 33 | N2: 1 | O2: 7 | P2: 11 | Q2: 10 | R2: 4 | S2: 1 | T2: 0 | U2: 1 | V2: 0 | W2: 1 | X2: 0 | Y2: 1 | Z2: 32 | AA2: {=_xlfn.IFS(AND(Z2<36, Z2>23), "24-35", AND(Z2<51, Z2>35),"36-50", AND(Z2<66, Z2>50), "51-66", Z2>65, "66+", TRUE, "?")} -> 24-35 | AB2: 2496 | AC2: 0 | AD2: 0 | AE2: 0 | AF2: 1 | AG2: 0 | AH2: 0 | AI2: 1 | AJ2: 0 | AK2: 0 | AL2: 2458 | AM2: 42353 | AN2: =_xlfn.TEXTJOIN(",",TRUE,B2:AM2) -> 87679,2491,0.0284104517615393,0,0,62,1259,172,815,97,148,33,1,7,11,10,4,1,0,1,0,1,0,1,32,24-35,2496,0,0,0,1,0,0,1,0,0,2458,42353
A3: 9 | B3: 90638 | C3: 2429 | D3: =C3/B3 -> 0.026798914 | E3: 0 | F3: 0 | G3: 29 | H3: 1156 | I3: 120 | J3: 915 | K3: 94 | L3: 144 | M3: 96 | N3: 1 | O3: 3 | P3: 4 | Q3: 10 | R3: 1 | S3: 0 | T3: 0 | U3: 0 | V3: 0 | W3: 1 | X3: 0 | Y3: 1 | Z3: 29 | AA3: {=_xlfn.IFS(AND(Z3<36, Z3>23), "24-35", AND(Z3<51, Z3>35),"36-50", AND(Z3<66, Z3>50), "51-66", Z3>65, "66+", TRUE, "?")} -> 24-35 | AB3: 2295 | AC3: 0 | AD3: 0 | AE3: 1 | AF3: 0 | AG3: 0 | AH3: 0 | AI3: 0 | AJ3: 1 | AK3: 0 | AL3: 2333 | AM3: 42554 | AN3: =_xlfn.TEXTJOIN(",",TRUE,B3:AM3) -> 90638,2429,0.0267989143626294,0,0,29,1156,120,915,94,144,96,1,3,4,10,1,0,0,0,0,1,0,1,29,24-35,2295,0,0,1,0,0,0,0,1,0,2333,42554
A4: 1107 | B4: 90638 | C4: 2429 | D4: =C4/B4 -> 0.026798914 | E4: 0 | F4: 0 | G4: 29 | H4: 1156 | I4: 120 | J4: 915 | K4: 94 | L4: 144 | M4: 96 | N4: 1 | O4: 3 | P4: 4 | Q4: 10 | R4: 1 | S4: 0 | T4: 0 | U4: 0 | V4: 0 | W4: 1 | X4: 0 | Y4: 0 | Z4: 29 | AA4: {=_xlfn.IFS(AND(Z4<36, Z4>23), "24-35", AND(Z4<51, Z4>35),"36-50", AND(Z4<66, Z4>50), "51-66", Z4>65, "66+", TRUE, "?")} -> 24-35 | AB4: 2295 | AC4: 0 | AD4: 0 | AE4: 1 | AF4: 0 | AG4: 0 | AH4: 0 | AI4: 0 | AJ4: 1 | AK4: 0 | AL4: 2333 | AM4: 42554 | AN4: =_xlfn.TEXTJOIN(",",TRUE,B4:AM4) -> 90638,2429,0.0267989143626294,0,0,29,1156,120,915,94,144,96,1,3,4,10,1,0,0,0,0,1,0,0,29,24-35,2295,0,0,1,0,0,0,0,1,0,2333,42554
A5: 32 | B5: 93790 | C5: 2304 | D5: =C5/B5 -> 0.024565519 | E5: 0 | F5: 0 | G5: 16 | H5: 1302 | I5: 68 | J5: 731 | K5: 89 | L5: 114 | M5: 45 | N5: 0 | O5: 6 | P5: 7 | Q5: 12 | R5: 2 | S5: 1 | T5: 0 | U5: 0 | V5: 1 | W5: 1 | X5: 0 | Y5: 1 | Z5: 50 | AA5: {=_xlfn.IFS(AND(Z5<36, Z5>23), "24-35", AND(Z5<51, Z5>35),"36-50", AND(Z5<66, Z5>50), "51-66", Z5>65, "66+", TRUE, "?")} -> 36-50 | AB5: 2296 | AC5: 0 | AD5: 0 | AE5: 1 | AF5: 0 | AG5: 0 | AH5: 0 | AI5: 1 | AJ5: 0 | AK5: 0 | AL5: 2259 | AM5: 42553 | AN5: =_xlfn.TEXTJOIN(",",TRUE,B5:AM5) -> 93790,2304,0.0245655187120162,0,0,16,1302,68,731,89,114,45,0,6,7,12,2,1,0,0,1,1,0,1,50,36-50,2296,0,0,1,0,0,0,1,0,0,2259,42553
A6: 15 | B6: 75759 | C6: 2304 | D6: =C6/B6 -> 0.030412228 | E6: 0 | F6: 0 | G6: 46 | H6: 1394 | I6: 22 | J6: 708 | K6: 89 | L6: 91 | M6: 182 | N6: 1 | O6: 9 | P6: 7 | Q6: 9 | R6: 5 | S6: 1 | T6: 0 | U6: 1 | V6: 0 | W6: 1 | X6: 0 | Y6: 1 | Z6: 51 | AA6: {=_xlfn.IFS(AND(Z6<36, Z6>23), "24-35", AND(Z6<51, Z6>35),"36-50", AND(Z6<66, Z6>50), "51-66", Z6>65, "66+", TRUE, "?")} -> 51-66 | AB6: 2406 | AC6: 0 | AD6: 1 | AE6: 0 | AF6: 0 | AG6: 0 | AH6: 0 | AI6: 1 | AJ6: 0 | AK6: 0 | AL6: 2122 | AM6: 42443 | AN6: =_xlfn.TEXTJOIN(",",TRUE,B6:AM6) -> 75759,2304,0.0304122282501089,0,0,46,1394,22,708,89,91,182,1,9,7,9,5,1,0,1,0,1,0,1,51,51-66,2406,0,1,0,0,0,0,1,0,0,2122,42443
A7: 988 | B7: 69098 | C7: 2262 | D7: =C7/B7 -> 0.032736114 | E7: 0 | F7: 0 | G7: 82 | H7: 1315 | I7: 22 | J7: 780 | K7: 145 | L7: 0 | M7: 178 | N7: 1 | O7: 7 | P7: 8 | Q7: 9 | R7: 5 | S7: 0 | T7: 0 | U7: 0 | V7: 0 | W7: 0 | X7: 0 | Y7: 0 | Z7: 71 | AA7: {=_xlfn.IFS(AND(Z7<36, Z7>23), "24-35", AND(Z7<51, Z7>35),"36-50", AND(Z7<66, Z7>50), "51-66", Z7>65, "66+", TRUE, "?")} -> 66+ | AB7: 2657 | AC7: 0 | AD7: 1 | AE7: 0 | AF7: 0 | AG7: 0 | AH7: 0 | AI7: 0 | AJ7: 0 | AK7: 1 | AL7: 2084 | AM7: 42192 | AN7: =_xlfn.TEXTJOIN(",",TRUE,B7:AM7) -> 69098,2262,0.0327361139251498,0,0,82,1315,22,780,145,0,178,1,7,8,9,5,0,0,0,0,0,0,0,71,66+,2657,0,1,0,0,0,0,0,0,1,2084,42192
A8: 1473 | B8: 90226 | C8: 2244 | D8: =C8/B8 -> 0.02487088 | E8: 0 | F8: 0 | G8: 26 | H8: 1083 | I8: 108 | J8: 649 | K8: 253 | L8: 151 | M8: 108 | N8: 1 | O8: 4 | P8: 7 | Q8: 12 | R8: 2 | S8: 1 | T8: 0 | U8: 0 | V8: 0 | W8: 0 | X8: 0 | Y8: 0 | Z8: 64 | AA8: {=_xlfn.IFS(AND(Z8<36, Z8>23), "24-35", AND(Z8<51, Z8>35),"36-50", AND(Z8<66, Z8>50), "51-66", Z8>65, "66+", TRUE, "?")} -> 51-66 | AB8: 2800 | AC8: 0 | AD8: 1 | AE8: 0 | AF8: 0 | AG8: 0 | AH8: 0 | AI8: 0 | AJ8: 1 | AK8: 0 | AL8: 2136 | AM8: 42049 | AN8: =_xlfn.TEXTJOIN(",",TRUE,B8:AM8) -> 90226,2244,0.0248708797907477,0,0,26,1083,108,649,253,151,108,1,4,7,12,2,1,0,0,0,0,0,0,64,51-66,2800,0,1,0,0,0,0,0,1,0,2136,42049
A9: 1602 | B9: 80360 | C9: 2188 | D9: =C9/B9 -> 0.027227476 | E9: 0 | F9: 0 | G9: 56 | H9: 1493 | I9: 86 | J9: 454 | K9: 112 | L9: 43 | M9: 43 | N9: 2 | O9: 4 | P9: 4 | Q9: 5 | R9: 2 | S9: 1 | T9: 0 | U9: 0 | V9: 1 | W9: 1 | X9: 0 | Y9: 0 | Z9: 71 | AA9: {=_xlfn.IFS(AND(Z9<36, Z9>23), "24-35", AND(Z9<51, Z9>35),"36-50", AND(Z9<66, Z9>50), "51-66", Z9>65, "66+", TRUE, "?")} -> 66+ | AB9: 2642 | AC9: 0 | AD9: 1 | AE9: 0 | AF9: 0 | AG9: 0 | AH9: 0 | AI9: 0 | AJ9: 0 | AK9: 1 | AL9: 2145 | AM9: 42207 | AN9: =_xlfn.TEXTJOIN(",",TRUE,B9:AM9) -> 80360,2188,0.0272274763563962,0,0,56,1493,86,454,112,43,43,2,4,4,5,2,1,0,0,1,1,0,0,71,66+,2642,0,1,0,0,0,0,0,0,1,2145,42207
A10: 38 | B10: 91712 | C10: 2169 | D10: =C10/B10 -> 0.023650122 | E10: 0 | F10: 0 | G10: 47 | H10: 1276 | I10: 24 | J10: 746 | K10: 94 | L10: 29 | M10: 48 | N10: 0 | O10: 9 | P10: 7 | Q10: 11 | R10: 3 | S10: 0 | T10: 0 | U10: 0 | V10: 0 | W10: 1 | X10: 0 | Y10: 1 | Z10: 73 | AA10: {=_xlfn.IFS(AND(Z10<36, Z10>23), "24-35", AND(Z10<51, Z10>35),"36-50", AND(Z10<66, Z10>50), "51-66", Z10>65, "66+", TRUE, "?")} -> 66+ | AB10: 2414 | AC10: 0 | AD10: 0 | AE10: 1 | AF10: 0 | AG10: 0 | AH10: 0 | AI10: 0 | AJ10: 1 | AK10: 0 | AL10: 2121 | AM10: 42435 | AN10: =_xlfn.TEXTJOIN(",",TRUE,B10:AM10) -> 91712,2169,0.0236501221214236,0,0,47,1276,24,746,94,29,48,0,9,7,11,3,0,0,0,0,1,0,1,73,66+,2414,0,0,1,0,0,0,0,1,0,2121,42435
A11: 44 | B11: 75825 | C11: 2158 | D11: =C11/B11 -> 0.02846027 | E11: 0 | F11: 0 | G11: 40 | H11: 1032 | I11: 105 | J11: 779 | K11: 137 | L11: 105 | M11: 51 | N11: 0 | O11: 5 | P11: 8 | Q11: 9 | R11: 4 | S11: 0 | T11: 0 | U11: 1 | V11: 0 | W11: 0 | X11: 0 | Y11: 1 | Z11: 44 | AA11: {=_xlfn.IFS(AND(Z11<36, Z11>23), "24-35", AND(Z11<51, Z11>35),"36-50", AND(Z11<66, Z11>50), "51-66", Z11>65, "66+", TRUE, "?")} -> 36-50 | AB11: 2784 | AC11: 0 | AD11: 0 | AE11: 1 | AF11: 0 | AG11: 0 | AH11: 0 | AI11: 1 | AJ11: 0 | AK11: 0 | AL11: 2107 | AM11: 42065 | AN11: =_xlfn.TEXTJOIN(",",TRUE,B11:AM11) -> 75825,2158,0.0284602703593801,0,0,40,1032,105,779,137,105,51,0,5,8,9,4,0,0,1,0,0,0,1,44,36-50,2784,0,0,1,0,0,0,1,0,0,2107,42065
A12: 1340 | B12: 82657 | C12: 2157 | D12: =C12/B12 -> 0.026095793 | E12: 0 | F12: 0 | G12: 71 | H12: 966 | I12: 168 | J12: 672 | K12: 246 | L12: 105 | M12: 126 | N12: 1 | O12: 7 | P12: 5 | Q12: 10 | R12: 4 | S12: 1 | T12: 0 | U12: 0 | V12: 1 | W12: 0 | X12: 0 | Y12: 0 | Z12: 74 | AA12: {=_xlfn.IFS(AND(Z12<36, Z12>23), "24-35", AND(Z12<51, Z12>35),"36-50", AND(Z12<66, Z12>50), "51-66", Z12>65, "66+", TRUE, "?")} -> 66+ | AB12: 2434 | AC12: 0 | AD12: 0 | AE12: 0 | AF12: 1 | AG12: 0 | AH12: 0 | AI12: 1 | AJ12: 0 | AK12: 0 | AL12: 2031 | AM12: 42415 | AN12: =_xlfn.TEXTJOIN(",",TRUE,B12:AM12) -> 82657,2157,0.0260957934597191,0,0,71,966,168,672,246,105,126,1,7,5,10,4,1,0,0,1,0,0,0,74,66+,2434,0,0,0,1,0,0,1,0,0,2031,42415
A13: 1181 | B13: 76653 | C13: 2153 | D13: =C13/B13 -> 0.028087616 | E13: 0 | F13: 0 | G13: 91 | H13: 736 | I13: 63 | J13: 946 | K13: 219 | L13: 189 | M13: 126 | N13: 1 | O13: 4 | P13: 7 | Q13: 11 | R13: 2 | S13: 1 | T13: 0 | U13: 0 | V13: 0 | W13: 1 | X13: 0 | Y13: 0 | Z13: 51 | AA13: {=_xlfn.IFS(AND(Z13<36, Z13>23), "24-35", AND(Z13<51, Z13>35),"36-50", AND(Z13<66, Z13>50), "51-66", Z13>65, "66+", TRUE, "?")} -> 51-66 | AB13: 2476 | AC13: 0 | AD13: 0 | AE13: 0 | AF13: 1 | AG13: 0 | AH13: 0 | AI13: 1 | AJ13: 0 | AK13: 0 | AL13: 2027 | AM13: 42373 | AN13: =_xlfn.TEXTJOIN(",",TRUE,B13:AM13) -> 76653,2153,0.0280876156184363,0,0,91,736,63,946,219,189,126,1,4,7,11,2,1,0,0,0,1,0,0,51,51-66,2476,0,0,0,1,0,0,1,0,0,2027,42373
... A2022: 1409 | B2022: 3502 | C2022: 4 | D2022: =C2022/B2022 -> 0.0011422045 | E2022: 1 | F2022: 0 | G2022: 56 | H2022: 2 | I2022: 1 | J2022: 1 | K2022: 0 | L2022: 0 | M2022: 1 | N2022: 0 | O2022: 0 | P2022: 0 | Q2022: 0 | R2022: 14 | S2022: 0 | T2022: 0 | U2022: 0 | V2022: 0 | W2022: 0 | X2022: 0 | Y2022: 0 | Z2022: 47 | AA2022: {=_xlfn.IFS(AND(Z2022<36, Z2022>23), "24-35", AND(Z2022<51, Z2022>35),"36-50", AND(Z2022<66, Z2022>50), "51-66", Z2022>65, "66+", TRUE, "?")} -> 36-50 | AB2022: 2601 | AC2022: 0 | AD2022: 0 | AE2022: 1 | AF2022: 0 | AG2022: 0 | AH2022: 0 | AI2022: 1 | AJ2022: 0 | AK2022: 0 | AL2022: 3 | AM2022: 42248 | AN2022: =_xlfn.TEXTJOIN(",",TRUE,B2022:AM2022) -> 3502,4,0.00114220445459737,1,0,56,2,1,1,0,0,1,0,0,0,0,14,0,0,0,0,0,0,0,47,36-50,2601,0,0,1,0,0,0,1,0,0,3,42248

Sheet Graphs
A1: Income | B1: MntTotal
A2: 87679 | B2: 2491
A3: 90638 | B3: 2429
A4: 90638 | B4: 2429
A5: 93790 | B5: 2304
A6: 75759 | B6: 2304
A7: 69098 | B7: 2262
A8: 90226 | B8: 2244
A9: 80360 | B9: 2188
A10: 91712 | B10: 2169
A11: 75825 | B11: 2158
A12: 82657 | B12: 2157
A13: 76653 | B13: 2153
... A2022: 3502 | B2022: 4

Sheet Pivot Table
A1: AcceptedCmp6 | B1: (All)
A3: Kids at Home | B3: Count of MntTotal | C3: Sum of MntTotal | D3: Average Spent
A4: 0 | B4: 1166 | C4: 986364 | D4: 845.93825
A5: 1 | B5: 814 | C5: 148652 | D5: 182.61916
A6: 2 | B6: 41 | C6: 4402 | D6: 107.36585
A7: Grand Total | B7: 2021 | C7: 1139418 | D7: 563.78921

Sheet Summary
B1: Everyone | C1: Camp 6
A2: Number of Customers | B2: =COUNT('Main Data set'!B:B) -> 2021 | C2: =SUBTOTAL(2,'Main Data set'!B:B) -> 311
A3: Oldest Customer | B3: =MAX('Main Data set'!Z:Z) -> 80 | C3: =SUBTOTAL(4,'Main Data set'!Z:Z) -> 77
A4: Average Spent | B4: =AVERAGE('Main Data set'!C:C) -> 563.78921 | C4: =SUBTOTAL(1,'Main Data set'!C:C) -> 917.26367
A5: Total Spent | B5: =SUM('Main Data set'!C:C) -> 1139418 | C5: =SUBTOTAL(9,'Main Data set'!C:C) -> 285269
A6: Shortest Life Customer | B6: =MIN('Main Data set'!AB:AB) -> 2159 | C6: =SUBTOTAL(5,'Main Data set'!AB:AB) -> 2165
A7: Average Age | B7: =AVERAGE('Main Data set'!Z:Z) -> 51.117269 | C7: =SUBTOTAL(1,'Main Data set'!Z:Z) -> 50.401929

Sheet ID to Spent Tool
A1: CustomerID Input | B1: Total Spent By Customer | C1: Total spent By Customer (Xlookup)
A2: 99 | B2: =VLOOKUP(A2,'Main Data set'!A:C, 3,FALSE) -> 890 | C2: =_xlfn.XLOOKUP(A2,'Main Data set'!A:A,'Main Data set'!C:C) -> 890
A3: 1 | B3: =VLOOKUP(A3,'Main Data set'!A:C, 3,FALSE) -> 2491 | C3: =_xlfn.XLOOKUP(A3,'Main Data set'!A:A,'Main Data set'!C:C) -> 2491
A4: 1000 | B4: =VLOOKUP(A4,'Main Data set'!A:C, 3,FALSE) -> 497 | C4: =_xlfn.XLOOKUP(A4,'Main Data set'!A:A,'Main Data set'!C:C) -> 497
A5: 9 | B5: =VLOOKUP(A5,'Main Data set'!A:C, 3,FALSE) -> 2429 | C5: =_xlfn.XLOOKUP(A5,'Main Data set'!A:A,'Main Data set'!C:C) -> 2429
A6: 44 | B6: =VLOOKUP(A6,'Main Data set'!A:C, 3,FALSE) -> 2158 | C6: =_xlfn.XLOOKUP(A6,'Main Data set'!A:A,'Main Data set'!C:C) -> 2158
